,rmse,mean,median,std,min,max,sse
ORBSLAM3_2.txt,10.178597702372322,8.865423359791789,8.701571771540863,5.000811917918644,7.45058e-09,19.857076027834623,470465.08823898225
ORBSLAM3.txt,10.178597702372322,8.865423359791789,8.701571771540863,5.000811917918644,7.45058e-09,19.857076027834623,470465.08823898225
