,rmse,mean,median,std,min,max,sse
ORBSLAM3.txt,0.14815588741100225,0.10060400654801052,0.06523717833329666,0.1087612101855686,0.0020240740956706106,1.224943577461744,99.65375806441874
ORBSLAM3_2.txt,0.14815588741100225,0.10060400654801052,0.06523717833329666,0.1087612101855686,0.0020240740956706106,1.224943577461744,99.65375806441874
